<?xml version="1.0"?>
<gui>
  <elements>
    <buttons>
      <button type_name="button" have_animations="0">
        <sections>
          <section type="standBy" x="0" y="110" w="230" h="71" />
          <section type="hover" x="411" y="166" w="230" h="71" />
          <section type="clicked" x="642" y="166" w="230" h="71" />
        </sections>
      </button>
      <button type_name="another_button" have_animations="0">
        <sections>
          <section type="standBy" x="683" y="74" w="129" h="41" />
          <section type="hover" x="888" y="91" w="129" h="41" />
          <section type="clicked" x="553" y="74" w="129" h="41" />
        </sections>
      </button>
    </buttons>
    <imgs>
      <img type_name="space_ship" have_animations="0">
        <section type="standBy" x="485" y="829" w="328" h="103" />
      </img>
      <img type_name="window" have_animations="0">
        <section type="standBy" x="0" y="512" w="484" h="512" />
      </img>
    </imgs>
  </elements>
  <layout>
    
  </layout>
</gui>